frequency [GHz],VSWR HORNS2-8 mean,VSWR HORNS2-8 1 sigma,VSWR HORN1
0.25,200.30274091857828,29.565312190683724,142.0600719
0.75,23.719386364369143,0.9463148767556424,28.20723891
1.25,13.217588160514342,0.620493012352189,18.48166688
1.75,9.106933551011512,0.8289354732876841,15.41054066
2.25,6.50075407453168,0.7275897631438824,12.61079911
2.75,5.155598205954857,0.6570110955118009,10.58732545
3.25,4.3428925360974295,0.6138953614028528,9.13080408
3.75,4.167822666680032,0.6073574776518783,8.96238783
4.25,4.1520308895190166,0.559944283467953,8.8028041
4.75,4.052113997135265,0.4912673777106876,7.96650659
5.25,4.333204535208995,0.4711876646576921,8.09027345
5.75,4.471888330207283,0.4395959386329481,7.64195506
6.25,4.769059915999679,0.4629076684178559,7.90634248
6.75,4.532680110499601,0.472736624757568,7.34344029
7.25,3.8577441255215312,0.4714813393540705,6.4553588
7.75,3.4368308396494216,0.4915687201545414,6.35264019
8.25,2.7647528242661816,0.4509485791121133,5.12078233
8.75,2.312426286426924,0.4077784802044258,4.40435809
9.25,2.0247651220186804,0.3212038912015003,3.6048268
9.75,1.9937134529956204,0.2270404242772429,3.2180762
10.25,2.094095682129738,0.1771516690653919,3.16501236
10.75,2.1277019494256137,0.1188463892885805,3.03071482
11.25,2.3085013639235656,0.1063764561444979,3.21334565
11.75,2.284550900242828,0.0988538237470092,3.04839005
12.25,2.261178933694914,0.1177260980938551,2.97025124
12.75,2.186296842114945,0.1032250897626707,2.81408198
13.25,1.6982156913648911,0.0637459834037079,2.39777327
13.75,1.4318003752189068,0.0460270699070227,1.71740288
14.25,1.3646574109762697,0.0285899233098205,1.43422057
14.75,1.3058004268215166,0.0366699460147503,1.59078974
15.25,1.336442356844058,0.0619050660611387,1.52745817
15.75,1.4172197058580116,0.0644923105844282,1.78337408
16.25,1.409456130206851,0.0653625124966445,1.79645433
16.75,1.4765734670555593,0.0690690002533732,1.92210685
17.25,1.399016601595976,0.0631588016447777,1.6187121
17.75,1.1471148227036123,0.0112682539056191,1.27978456
