Plane,Frequency_GHz,Band_Low_GHz,Band_High_GHz,Angle_Deg,Ensemble_Mean_Normalized_S21_dB,Ensemble_SD_dB,N_Horns
E,6,5.8,6.8,0,0.0,0.0,8
E,6,5.8,6.8,10,-2.38231237047,0.3955088951593789,8
E,6,5.8,6.8,20,-8.57617143087083,1.0415878525176194,8
E,6,5.8,6.8,30,-16.169401824537495,1.2877180816555598,8
E,6,5.8,6.8,40,-18.266036089390838,0.7505015009689253,8
E,6,5.8,6.8,50,-20.154592874087502,0.7869061529145773,8
E,6,5.8,6.8,60,-23.746857672711663,0.9422011557820991,8
E,6,5.8,6.8,70,-25.40762871319,1.0576848793551183,8
E,6,5.8,6.8,80,-25.72186261903166,1.4557287147119151,8
E,6,5.8,6.8,90,-27.11700399490333,2.7569471786096376,8
E,6,5.8,6.8,100,-26.851820455710836,1.5381337460382116,8
E,6,5.8,6.8,110,-26.99618780783583,4.322903051140784,8
E,6,5.8,6.8,120,-22.059705501306667,4.70746985453878,8
E,6,5.8,6.8,130,-26.108997432398326,2.422191303750303,8
E,6,5.8,6.8,140,-22.095523573123323,3.9914432601292487,8
E,6,5.8,6.8,150,-22.51265271367916,4.696282346490806,8
E,6,5.8,6.8,160,-25.382551891875003,3.522786027141411,8
E,6,5.8,6.8,170,-27.912276529529997,1.6728702286368637,8
E,6,5.8,6.8,180,-24.439206482099998,1.5046390682290254,8
E,7,6.8,7.8,0,0.0,0.0,8
E,7,6.8,7.8,10,-3.0787384926523425,0.6045905435441457,8
E,7,6.8,7.8,20,-10.119983297095317,0.917595292342116,8
E,7,6.8,7.8,30,-13.159569344479685,0.5120043622446241,8
E,7,6.8,7.8,40,-14.58078922010781,0.7304511444862173,8
E,7,6.8,7.8,50,-22.14445846936406,1.1351977171834118,8
E,7,6.8,7.8,60,-23.699793691462496,1.502146965431633,8
E,7,6.8,7.8,70,-23.111137730207815,0.961370302356624,8
E,7,6.8,7.8,80,-23.78099380047578,0.9449789884960713,8
E,7,6.8,7.8,90,-24.86788822964844,1.8046440181407648,8
E,7,6.8,7.8,100,-23.77254305805547,3.5092172001293864,8
E,7,6.8,7.8,110,-24.727864949398434,4.40251198467288,8
E,7,6.8,7.8,120,-21.24917788472031,3.5422836671962488,8
E,7,6.8,7.8,130,-24.11175042682422,3.540637766951108,8
E,7,6.8,7.8,140,-22.925563844057034,4.505223463475632,8
E,7,6.8,7.8,150,-24.72651687937344,4.198710700320564,8
E,7,6.8,7.8,160,-26.257295122572657,2.525456131187086,8
E,7,6.8,7.8,170,-25.776308656284375,2.047930440488207,8
E,7,6.8,7.8,180,-23.445405668850782,2.155163723708439,8
E,8,7.8,8.8,0,0.0,0.0,8
E,8,7.8,8.8,10,-2.9520688180108365,0.9681750427053589,8
E,8,7.8,8.8,20,-9.527545380260003,1.369777028387839,8
E,8,7.8,8.8,30,-13.270120296495003,1.1744821009778583,8
E,8,7.8,8.8,40,-16.14797276021666,2.0435134062275844,8
E,8,7.8,8.8,50,-19.725810147024166,1.8774618157257281,8
E,8,7.8,8.8,60,-18.628211749432502,1.901560015922848,8
E,8,7.8,8.8,70,-18.011306571074996,2.867934411257659,8
E,8,7.8,8.8,80,-17.992285460424156,2.1644688391433022,8
E,8,7.8,8.8,90,-19.22864332599501,1.776048588366587,8
E,8,7.8,8.8,100,-17.160647914369996,2.681942039555601,8
E,8,7.8,8.8,110,-17.458727420056668,3.823628546349666,8
E,8,7.8,8.8,120,-17.151485731845003,2.6961252368399906,8
E,8,7.8,8.8,130,-17.466053138479996,4.444204902047951,8
E,8,7.8,8.8,140,-17.201320049337497,3.3557123209679474,8
E,8,7.8,8.8,150,-19.511967781217493,3.058050850473296,8
E,8,7.8,8.8,160,-20.476849706155825,3.0778786388790444,8
E,8,7.8,8.8,170,-20.462595285569996,3.2161360167968236,8
E,8,7.8,8.8,180,-20.1324268389725,2.404015151751097,8
E,9,8.8,9.8,0,0.0,0.0,8
E,9,8.8,9.8,10,-4.5089593929450045,0.6997214479784313,8
E,9,8.8,9.8,20,-9.995655023764169,1.3541657959728013,8
E,9,8.8,9.8,30,-16.71024108442334,1.4446531874821413,8
E,9,8.8,9.8,40,-18.566990196976672,2.003923890862595,8
E,9,8.8,9.8,50,-18.504684653368344,2.2649715940262087,8
E,9,8.8,9.8,60,-19.88200098157167,3.6104529993413137,8
E,9,8.8,9.8,70,-17.486454990937506,2.994358736500723,8
E,9,8.8,9.8,80,-17.032946160598335,1.7260444403166195,8
E,9,8.8,9.8,90,-16.674755694604162,2.991494628896002,8
E,9,8.8,9.8,100,-15.643874033867512,3.238897360916197,8
E,9,8.8,9.8,110,-15.395359930426672,3.2315486710672543,8
E,9,8.8,9.8,120,-16.913346561905843,3.115717711538657,8
E,9,8.8,9.8,130,-15.616359337250007,3.251167439243081,8
E,9,8.8,9.8,140,-17.37900970772334,2.4306907437036953,8
E,9,8.8,9.8,150,-18.597271228380002,3.2346631059678366,8
E,9,8.8,9.8,160,-19.33958799865417,3.213859563774542,8
E,9,8.8,9.8,170,-19.259770947371663,3.429273451498977,8
E,9,8.8,9.8,180,-18.295658524930836,2.6805803279930327,8
E,10,9.8,10.8,0,0.0,0.0,8
E,10,9.8,10.8,10,-4.066196187357813,0.7022905360487057,8
E,10,9.8,10.8,20,-8.984739226393753,0.5797305919181936,8
E,10,9.8,10.8,30,-15.082947148700004,1.2431719630806304,8
E,10,9.8,10.8,40,-19.706581555742968,1.2687380940155406,8
E,10,9.8,10.8,50,-19.83959720980703,2.0458708648403583,8
E,10,9.8,10.8,60,-23.049146687744532,1.728137544977165,8
E,10,9.8,10.8,70,-21.210054465234375,2.3921244877603636,8
E,10,9.8,10.8,80,-21.290455117765624,2.3790658146264656,8
E,10,9.8,10.8,90,-20.90057866196563,1.8963049551261086,8
E,10,9.8,10.8,100,-21.753606469351563,2.520444664046488,8
E,10,9.8,10.8,110,-21.80101322444922,1.9127211001465794,8
E,10,9.8,10.8,120,-20.804206778232036,2.198452367097319,8
E,10,9.8,10.8,130,-19.95412184981172,2.5953425905301155,8
E,10,9.8,10.8,140,-20.091613674246098,2.2812006506467775,8
E,10,9.8,10.8,150,-21.39920255953594,1.5617460743870324,8
E,10,9.8,10.8,160,-22.62556924180625,2.4313859787389167,8
E,10,9.8,10.8,170,-23.64129929231016,2.8757147021015106,8
E,10,9.8,10.8,180,-21.789932203632816,1.5886029682618072,8
E,11,10.8,11.8,0,0.0,0.0,8
E,11,10.8,11.8,10,-3.6869181367908332,0.6292790625278186,8
E,11,10.8,11.8,20,-7.209762816417502,0.8017850820051965,8
E,11,10.8,11.8,30,-14.325269954245005,0.7545873643906135,8
E,11,10.8,11.8,40,-17.053870753230836,1.4292875402610483,8
E,11,10.8,11.8,50,-18.94327947275,1.382233621350268,8
E,11,10.8,11.8,60,-19.987319628848333,2.2380607661270533,8
E,11,10.8,11.8,70,-18.760535249100833,1.417724642234437,8
E,11,10.8,11.8,80,-17.4973336235725,1.4197299379311685,8
E,11,10.8,11.8,90,-18.991382068295838,1.069405983855047,8
E,11,10.8,11.8,100,-20.042953304185833,2.294919864858839,8
E,11,10.8,11.8,110,-20.799648028747495,2.5679744933511426,8
E,11,10.8,11.8,120,-20.632255867584163,2.200179025373887,8
E,11,10.8,11.8,130,-20.396571550377494,1.5899307106632588,8
E,11,10.8,11.8,140,-21.004648246474165,2.2825046414065544,8
E,11,10.8,11.8,150,-21.283315523273338,2.2962652744053242,8
E,11,10.8,11.8,160,-22.31643894090334,1.8556527778522585,8
E,11,10.8,11.8,170,-21.85636212436834,2.6259900560822,8
E,11,10.8,11.8,180,-21.36749538776666,1.9311828177478152,8
E,12,11.8,12.8,0,0.0,0.0,8
E,12,11.8,12.8,10,-3.2912098307125017,0.599365602048744,8
E,12,11.8,12.8,20,-7.328302573753335,0.8829464922373866,8
E,12,11.8,12.8,30,-12.160824410481668,0.8136453482236291,8
E,12,11.8,12.8,40,-16.959183824132495,0.9704575175270737,8
E,12,11.8,12.8,50,-20.130588678260843,1.210644430960666,8
E,12,11.8,12.8,60,-19.632597727535,1.4337935063289142,8
E,12,11.8,12.8,70,-19.285296586227496,1.6591680575417536,8
E,12,11.8,12.8,80,-17.926715502820834,1.0816122379434105,8
E,12,11.8,12.8,90,-20.096946265575834,0.9331612580239261,8
E,12,11.8,12.8,100,-20.554722139104165,1.4505478297679602,8
E,12,11.8,12.8,110,-20.95210174260334,1.9119868122726027,8
E,12,11.8,12.8,120,-21.824817028425002,1.8260975385959333,8
E,12,11.8,12.8,130,-21.86054889860084,1.5193986057195603,8
E,12,11.8,12.8,140,-22.879224172243333,1.9862836845775746,8
E,12,11.8,12.8,150,-21.966900891673333,2.003404140237408,8
E,12,11.8,12.8,160,-22.705453231771664,1.7117775313699979,8
E,12,11.8,12.8,170,-22.95198154601917,2.0588162387075064,8
E,12,11.8,12.8,180,-21.978908592401673,1.6908282002458812,8
E,13,12.8,13.8,0,0.0,0.0,8
E,13,12.8,13.8,10,-2.9988699157367176,0.5775498597982596,8
E,13,12.8,13.8,20,-8.336103097618755,1.1075013931497855,8
E,13,12.8,13.8,30,-11.916898002641409,1.2041306441838224,8
E,13,12.8,13.8,40,-19.088932071021873,1.4589038186051797,8
E,13,12.8,13.8,50,-19.56824191628282,0.995263105981842,8
E,13,12.8,13.8,60,-19.558705981546876,1.1345318981094907,8
E,13,12.8,13.8,70,-21.106478061686722,1.4495994037682272,8
E,13,12.8,13.8,80,-20.356687575119537,1.5925753287922346,8
E,13,12.8,13.8,90,-21.740789101992974,0.9433159232854917,8
E,13,12.8,13.8,100,-21.161693697557034,1.3193867624328008,8
E,13,12.8,13.8,110,-22.03213668207734,2.1501676773986342,8
E,13,12.8,13.8,120,-21.416980987757817,1.3813737277042457,8
E,13,12.8,13.8,130,-22.11439615153516,1.223077370409477,8
E,13,12.8,13.8,140,-23.16558475412109,2.146787788888816,8
E,13,12.8,13.8,150,-22.79771114784219,1.7013903910957502,8
E,13,12.8,13.8,160,-22.636984206518747,1.5842775131687614,8
E,13,12.8,13.8,170,-23.938261855810154,2.0629893441709473,8
E,13,12.8,13.8,180,-22.231059734327346,2.0110804761215357,8
E,14,13.8,14.8,0,0.0,0.0,8
E,14,13.8,14.8,10,-2.696494641617498,0.7881913037060542,8
E,14,13.8,14.8,20,-9.126904231838335,1.446605980953051,8
E,14,13.8,14.8,30,-13.709173677338327,1.3989289092318953,8
E,14,13.8,14.8,40,-20.17766350066416,1.7610821253279103,8
E,14,13.8,14.8,50,-19.168425908687496,1.7359912487285436,8
E,14,13.8,14.8,60,-20.92293201900832,2.1596871808289166,8
E,14,13.8,14.8,70,-19.911294056966657,3.3250456696432105,8
E,14,13.8,14.8,80,-18.53111851086499,1.7560066123023554,8
E,14,13.8,14.8,90,-19.23894423395833,2.00721600612062,8
E,14,13.8,14.8,100,-19.558793089704164,2.183502660109934,8
E,14,13.8,14.8,110,-19.430306897949166,2.9809321272291993,8
E,14,13.8,14.8,120,-19.855111588495834,3.1287926336920213,8
E,14,13.8,14.8,130,-20.253957228017498,3.2103441345454966,8
E,14,13.8,14.8,140,-20.920125647969158,5.0972112031936545,8
E,14,13.8,14.8,150,-20.97524788317833,3.098839654367667,8
E,14,13.8,14.8,160,-21.52122697071333,4.081019086921846,8
E,14,13.8,14.8,170,-20.92097667475167,3.1642916848045255,8
E,14,13.8,14.8,180,-21.143488690081675,3.635832004417229,8
E,15,14.8,15.8,0,0.0,0.0,8
E,15,14.8,15.8,10,-2.2567257043062483,0.7884974034161787,8
E,15,14.8,15.8,20,-8.481755744117969,1.39799195693845,8
E,15,14.8,15.8,30,-13.537173405543754,1.757929251571079,8
E,15,14.8,15.8,40,-20.418730224442967,1.6825981479150778,8
E,15,14.8,15.8,50,-21.035183814514845,2.9340529382052134,8
E,15,14.8,15.8,60,-23.37160328973828,3.074265350981543,8
E,15,14.8,15.8,70,-21.630402644316405,3.1587292936356457,8
E,15,14.8,15.8,80,-21.762980297408596,3.1085768361528032,8
E,15,14.8,15.8,90,-21.160530623257813,1.738534355683705,8
E,15,14.8,15.8,100,-22.861294275721097,2.3090992334450475,8
E,15,14.8,15.8,110,-22.140058064404688,2.9950334560080876,8
E,15,14.8,15.8,120,-21.024010864975786,3.9483313418210924,8
E,15,14.8,15.8,130,-22.459771619839067,3.511694597972073,8
E,15,14.8,15.8,140,-22.723236443296095,3.5590952582265887,8
E,15,14.8,15.8,150,-24.160749532119535,3.3756451101544123,8
E,15,14.8,15.8,160,-24.00918151407891,2.7274070326305577,8
E,15,14.8,15.8,170,-22.66961443383985,2.045531131058773,8
E,15,14.8,15.8,180,-21.25164425490469,2.1751568814301736,8
E,16,15.8,16.8,0,0.0,0.0,8
E,16,15.8,16.8,10,-2.0611139412574895,0.9230587378847231,8
E,16,15.8,16.8,20,-8.341522598140827,1.4076113099762835,8
E,16,15.8,16.8,30,-13.686616120244992,1.8531147668767163,8
E,16,15.8,16.8,40,-18.857551311906665,1.2768073606797603,8
E,16,15.8,16.8,50,-22.024234790365004,2.037996086357964,8
E,16,15.8,16.8,60,-23.611611160990833,2.198553517286896,8
E,16,15.8,16.8,70,-21.67565032777416,2.1623872067923458,8
E,16,15.8,16.8,80,-21.254550376163326,2.6700510209390753,8
E,16,15.8,16.8,90,-21.1394245205275,1.9700391137933735,8
E,16,15.8,16.8,100,-22.48616296685916,3.0119560077906886,8
E,16,15.8,16.8,110,-23.31610997747583,3.2500090382579416,8
E,16,15.8,16.8,120,-21.800579014953335,3.9020339655217264,8
E,16,15.8,16.8,130,-23.58150355856666,3.471977677497943,8
E,16,15.8,16.8,140,-24.51102795901833,4.76683123561482,8
E,16,15.8,16.8,150,-24.302767324534162,3.4784064625815914,8
E,16,15.8,16.8,160,-24.255081055771672,4.216693765699737,8
E,16,15.8,16.8,170,-24.631997705395,4.499532811942844,8
E,16,15.8,16.8,180,-23.94879112145333,3.7446538594070433,8
E,17,16.8,17.8,0,0.0,0.0,8
E,17,16.8,17.8,10,-2.820773812198329,0.8255457201069998,8
E,17,16.8,17.8,20,-8.975764674221665,1.4563561359624948,8
E,17,16.8,17.8,30,-14.47623841900667,1.606486718896996,8
E,17,16.8,17.8,40,-17.835853111336665,1.9491466715515273,8
E,17,16.8,17.8,50,-18.89909785001,3.3056047287442083,8
E,17,16.8,17.8,60,-19.260839356895833,2.7251341456884437,8
E,17,16.8,17.8,70,-18.551435270541667,2.894148081125739,8
E,17,16.8,17.8,80,-19.01798534037917,2.9999266226090215,8
E,17,16.8,17.8,90,-18.3405733758025,2.7306972378509635,8
E,17,16.8,17.8,100,-18.419797376587493,2.8400226262012493,8
E,17,16.8,17.8,110,-18.554924936248327,3.794345083444704,8
E,17,16.8,17.8,120,-18.615228915031658,3.3112128890761894,8
E,17,16.8,17.8,130,-18.395533079741668,3.262016558369014,8
E,17,16.8,17.8,140,-20.435948391519165,3.7873963508158304,8
E,17,16.8,17.8,150,-19.277845091669995,3.625460673398372,8
E,17,16.8,17.8,160,-19.995341886977506,4.133951929422827,8
E,17,16.8,17.8,170,-18.935440387373333,3.909086451617294,8
E,17,16.8,17.8,180,-19.230867401464995,3.327507092102037,8
E,18,17.8,18.8,0,0.0,0.0,8
E,18,17.8,18.8,10,-3.493657312162499,1.8762740801839317,8
E,18,17.8,18.8,20,-10.38195409665625,2.714537604376346,8
E,18,17.8,18.8,30,-16.006136904953124,5.7597186752973935,8
E,18,17.8,18.8,40,-17.670093503290623,6.421507708647384,8
E,18,17.8,18.8,50,-19.228921094290627,4.876544197864447,8
E,18,17.8,18.8,60,-17.228632436615626,5.282637516959052,8
E,18,17.8,18.8,70,-16.229172402246874,4.15950817159269,8
E,18,17.8,18.8,80,-18.287399560315627,4.936946423780061,8
E,18,17.8,18.8,90,-18.844111279296875,5.54932528301325,8
E,18,17.8,18.8,100,-16.742839596221877,5.855911035772941,8
E,18,17.8,18.8,110,-16.06024334844375,5.868871402158962,8
E,18,17.8,18.8,120,-15.95204827364688,5.123162998528415,8
E,18,17.8,18.8,130,-16.076846303546873,5.8217542081882785,8
E,18,17.8,18.8,140,-18.020472851015626,5.2240162926963745,8
E,18,17.8,18.8,150,-16.339146982625003,6.499751578296628,8
E,18,17.8,18.8,160,-18.567862971225,6.539042270807479,8
E,18,17.8,18.8,170,-16.364305399128128,4.905571930487754,8
E,18,17.8,18.8,180,-16.500715718496878,6.527828482721333,8
